subject GUID;collection ID
NDARCE704EC9;2566
NDARRW327CW4;2566
NDARVR243CW4;2566
NDARMW735HZ6;2566
NDARME028GZP;2566
NDAR_INVYE465VVU;2566
NDARLF142KUR;2566
NDARCW145KBQ;2566
NDARUE731XU1;2566
NDAR_INVXV883AX2;2566
NDARMU274WTT;2566
NDARCC348EGK;2566
NDARLH555GW1;2566
NDARGR298PHV;2566
NDARJG454KRE;2566
NDAR_INVUT120BWM;2566
NDARGC705KGU;2566
NDARVL567ZEY;2566
NDARJY811HHQ;2566
NDARGW186EAX;2566
NDARLW894NXC;2566
NDAR_INVXJ720FYB;2566
NDARMT245LR5;2566
NDARHG244TGK;2566
NDARCG491XRM;2566
NDAR_INVZW498ZY7;2566
NDARPG990RZ1;2566
NDARJN858DPC;2566
NDARVV868YEN;2566
NDARYF882PW6;2566
NDARDT113MUR;2566
NDARHU403VZ7;2566
NDAR_INVUB429AW1;2566
NDAR_INVVB708AW6;2566
NDAR_INVTH201MV4;2566
NDAR_INVKC960RML;2566
NDARPW019JKB;2566
NDARXP529XJP;2566
NDARZF842EEL;2799
NDARPU732KJY;2799
NDARML940MNE;2799
NDARBN702KDX;2799
NDARMM624CDT;2799
NDARVK387TUM;2799
NDARMT947RUH;2799
NDARJT954FBA;2799
NDARZZ475MY1;2799
NDARXT082CBT;2799
NDARCN637ZKZ;2799
NDARCN539RLA;2799
NDARGZ555ANY;2799
NDARFK623MH7;2799
NDARJF785YW7;2799
NDARTX922URN;2254
NDARVR563GXK;2254
NDARCB492KC5;2254
NDARMV774ADE;2254
NDARHJ111MZP;2254
NDARJJ125YDC;2254
NDARAN547CVC;2254
NDARFH590BRX;2254
NDARDA329YDC;2254
NDARVG790BZ1;2254
NDARPY121MRM;2254
NDARVY384CNN;2254
NDARFE295WPT;2254
NDARUM640RW1;2254
NDARDC023VUE;2254
NDARUZ852NU9;2254
NDARWK129TV9;2254
NDARNA402BGQ;2254
NDARTC905VEC;2254
NDARUE555FR1;2254
NDARLV372UZ4;2254
NDARFF683XR1;2254
NDARGE911DJ0;2254
NDARZJ190UVK;2254
NDARFL175AHL;2254
NDARBX312JA1;2254
NDARRF844PVA;2254
NDARPA040THU;2254
NDARTU829HPM;2254
NDARZH241BA5;2254
NDARUF772DGX;2254
NDARTK195MYW;2254
NDARWE756LXP;2254
NDARJA983WGN;2254
NDAREV591PYA;2254
NDARPF227FHM;2254
NDARXJ906AU8;2254
NDARRY457XLA;2254
NDARKK883UVL;2254
NDARHN859CBK;2254
NDARWF255XGC;2254
NDARMB254EW0;2254
NDARNE550YAW;2254
NDARXB973HU7;2254
NDARVB136DKV;2254
NDARKG241RX0;2254
NDARPA071YL5;2254
NDARDN790NXM;2254
NDARCZ413RP0;2254
NDARNC070XUZ;2254
NDARUX669NVF;2254
NDARXD172ZBH;2254
NDARBY798MN5;2254
NDARBR950JUJ;2254
NDARDD183XUQ;2254
NDARFF654CP0;2254
NDAREG271VU1;2254
NDARPU863TL8;2254
NDARRE863PB2;2254
NDARDX641GJ9;2254
NDARLM160UP8;2254
NDARXK808ZA7;2254
NDARNP805LUD;2254
NDARLT915VY4;2254
NDARLY592KVV;2254
NDARGJ655LZG;2254
NDAREC632LHE;2254
NDARNW613DV3;2254
NDARKA093GMQ;2254
NDARNR449BVC;2254
NDARBT042VVC;2254
NDARVP275UT5;2254
NDARGV277BHT;2254
NDARRZ080HBA;2254
NDARUJ350ZR7;2254
NDARLW521MCJ;2254
NDARFU478UAV;2254
NDARJB054EZ7;2254
NDARFY592VLN;2254
NDARNP434VZC;2254
NDARNC510TFB;2254
NDARTP385HMA;2254
NDAREX682RR5;2254
NDARRN520HF8;2254
NDARCB118RF2;2254
NDARNB921AYK;2254
NDARFD183ZN9;2254
NDARBC212EMT;2254